{
  "$schema": "https://schema.management.azure.com/schemas/2019-04-01/deploymentParameters.json#",
  "contentVersion": "1.0.0.0",
  "parameters": {
    "location": {
      "value": "eastus"
    },
    "serviceName": {
      "value": "storage"
    },
    "storageConfig": {
      "value": {
        "storageAccountName": "codaprodsa",
        "useFixedName": true,
        "location": "eastus",
        "kind": "StorageV2",
        "sku": { "name": "Standard_LRS" },
        "accessTier": "Hot",
        "vnetName": "CODA-Prod-VNet",
        "subnetNames": [
          "CODA-PROD-Private-Subnet",
          "AzureFirewallSubnet",
          "GatewaySubnet"
        ],
        "allowedIpAddresses": ["38.79.64.66"],
        "resourceAccessRules": [
          {
            "tenantId": "2eb52881-f5b4-47aa-33267",
            "resourceId": "/subscriptions/<sub-id>/providers/Microsoft.Security/datascanners/storageDataScanner"
          }
        ],
        "blobContainers": [
          "acr-images",
          "bootdiagnostics-rhelprodk-a2b57021-bbd5-469a-924e-50ae1e15792f",
          "bootdiagnostics-rhelprodk-e2c8a997-527a-4ae9-bacf-2c3ae75db717",
          "codaprod",
          "loki",
          "sqldbauditlogs"
        ],
        "fileShares": [],
        "factoryNames": []
      }
    },
    "tagSuffix": { "value": "prod" }
  }
}
