{
  "Name": "Snapshot Operator (Custom)",
  "IsCustom": true,
  "Description": "Allows read, delete, and create snapshot operations only.",
  "Actions": [
    "Microsoft.Compute/snapshots/read",
    "Microsoft.Compute/snapshots/delete",
    "Microsoft.Compute/snapshots/write",
    "Microsoft.Compute/disks/read",
    "Microsoft.Compute/virtualMachines/read",
    "Microsoft.Resources/subscriptions/resourceGroups/read",
    "Microsoft.Compute/disks/beginGetAccess/action"
  ],
  "NotActions": [],
  "AssignableScopes": [
    "/subscriptions/d629b553-466f-4caa-b64b-9ba2bae97c3f/resourceGroups/CODA_RG"
  ]
}
